"Datum";"Naam / Omschrijving";"Rekening";"Tegenrekening";"Code";"Af Bij";"Bedrag (EUR)";"MutatieSoort";"Mededelingen"
"20250523";"BELASTINGDIENST";"";"NL36INGB0003445588";"";"Bij";"3192";"";"TERUGGAAF"
"20250102";"Brand New Day";"";"NL70BNDA0013929458";"";"Bij";"272,68";"";"Anonieme uitkering december 2024 NL70BNDA0013929458"
"20250102";"ABP Pensio";"";"NL68RABO0018166535";"";"Bij";"685,02";"";"PENSIOEN JANUARI 2025"
"20250102";"bol.com";"";"NL27INGB0001392934";"";"Af";"44,99";"";"X9928374651 7051155493917284 bol.com A0-00-28-RL-D9"
"20250102";"KONING WILLEM >DEVENTER 2.01.2";"";"";"";"Af";"8,98";"";""
"20250102";"Jumbo Deventer >DEVENTER 2.01.";"";"";"";"Af";"34,18";"";""
"20250102";"Hotel on Booking.com";"";"NL92ADYB2031076332";"";"Bij";"63,96";"";"TX1750757450XT Refund Hotel at Booking.com"
"20250106";"GREENCHOICE";"";"NL18INGB0001901816";"";"Af";"75";"";"Johan van 01 januari 2025"
"20250107";"Jumbo Deventer >DEVENTER 7.01.";"";"";"";"Af";"14,17";"";""
"20250111";"de Vossenberg >Vierhoute11.01.";"";"";"";"Af";"18,5";"";""
"20250112";"bol.com";"";"NL27INGB0001392934";"";"Af";"18,59";"";"X9928374652 7051924590647350 bol.com A0-00-2J-9H-P3"
"20250112";"DEKAMARKT LOC 505 >TWELLO 12.0";"";"";"";"Af";"21,96";"";""
"20250113";"Jumbo Deventer >DEVENTER 13.01";"";"";"";"Af";"58,29";"";""
"20250118";"Copar via Stichting Mollie Payments";"";"NL51DEUT0016877995";"";"Af";"134,16";"";"9d7d9a16bb8f87e2ace8e6483320047a X9928374653 Order X9928374653 Copar"
"20250118";"Jumbo Deventer >DEVENTER 18.01";"";"";"";"Af";"46,33";"";""
"20250120";"bol.com";"";"NL27INGB0001392934";"";"Af";"32,95";"";"X9928374654 7051155487263080 bol.com A0-00-2R-0P-76"
"20250122";"TLS BV inz. OV-Chipkaart";"";"NL12RABO0019823445";"";"Af";"50";"";"Automatisch opladen OV-chipkaart Kaartnummer:X9928374655 Oplaaddatum/tijd:17-01-25 11:04"
"20250122";"PayPal Europe S.a.r.l. et Cie S.C.A";"";"LU89751000135104200E";"";"Af";"5";"";"1039747141910/PAYPAL"
"20250122";"PAY.nl*Riesewijk Exclu>DEVENTE";"";"";"";"Af";"27,95";"";""
"20250123";"Sociale Verzekeringsbank";"";"NL16RABO0019973114";"";"Bij";"1214,77";"";"AOW     JAN 25 VZ09443330 WWW.SVB.NL                                              SVB"
"20250123";"Jumbo Deventer >DEVENTER 23.01";"";"";"";"Af";"22,31";"";""
"20250125";"Kosten gebruik betaalrekening ";"";"";"";"Af";"3,2";"";""
"20250127";"ODIDO NETHERLANDS B.V.";"";"NL95COBA0019997218";"";"Af";"45";"";"Odido Internet + TV MFT42362 Factuur TMT1047204696"
"20250127";"SIMYO";"";"NL83INGB0009174216";"";"Af";"8";"";"Simyo:X9928374656, FACTUURNUMMER:X9928374657"
"20250127";"GBLT";"";"NL82DEUT0019804615";"";"Af";"31,5";"";"GBLT incasso maandelijkse termijn Termijn 6 van 10 Vervaldatum 27 jan 2025 Kenmerk X9928374658 Heffingjaar 2024"
"20250127";"FIETSERSBOND";"";"NL59INGB0001451048";"";"Af";"5";"";"Contributie januari 2025"
"20250128";"Energiewacht Groep";"";"NL44RABO0019804615";"";"Af";"8,98";"";"Factuur VF10-250175134"
"20250128";"Eerste Twellose Toerclub";"";"NL09RABO0019804615";"";"Af";"60";"";"contributie 2025"
"20250128";"GroenLinks Contributies";"";"NL05TRIO0019804615";"";"Af";"25";"";"GroenLinks Lidmaatschap (01-jan-2025 tot 01-feb-2025)"
"20250128";"VITENS NV";"";"NL94INGB0000869000";"";"Af";"8";"";"Johan Termijnfactuur JAN"
"20250128";"BOLCOM BV";"";"NL27INGB0001392934";"";"Bij";"32,95";"";"Artikel geretourneerd voor factuur X9928374659"
"20250129";"Kruidvat 6189 >ZEELAND 29.01.2";"";"";"";"Af";"4,97";"";""
"20250129";"Fletcher Uden Veghel >Uden 29.";"";"";"";"Af";"60";"";""
"20250130";"ASR HYPOTHEEK";"";"NL91ABNA0019804615";"";"Af";"895,23";"";"Termijnbetaling hypotheek. Kijk voor uw actuele saldo op: https://mijnhypotheek.asr.nl. PERIODE 01-2025"
"20250130";"CM.*PKB Baarle-Nassau >BAARLE ";"";"";"";"Af";"36,9";"";""
"20250131";"ALEC BIKESTORE >HEVERLEE 31.01";"";"";"";"Af";"39,8";"";""
"20250131";"Spar Heverlee >Heverlee 31.01.";"";"";"";"Af";"8,68";"";""
"20250201";"CM.*Karakter Tilburg V>TILBURG";"";"";"";"Af";"17,3";"";""
"20250201";"Fletcher Uden Veghel >Uden 1.0";"";"";"";"Af";"40,5";"";""
"20250202";"bol.com";"";"NL27INGB0001392934";"";"Af";"45,95";"";"X9928374660 7051315495805001 bol.com A0-00-34-J7-3K"
"20250203";"ABP Pensio";"";"NL68RABO0018166535";"";"Bij";"685,02";"";"PENSIOEN FEBRUARI 2025"
"20250203";"Brand New Day";"";"NL70BNDA0013929458";"";"Bij";"276,98";"";"Netto uitkering januari 2025 NL70BNDA0013929458"
"20250204";"bol.com";"";"NL27INGB0001392934";"";"Af";"47,95";"";"X9928374661 7051116392648677 bol.com A0-00-35-JD-TH"
"20250204";"Jumbo Deventer >DEVENTER 4.02.";"";"";"";"Af";"63,89";"";""
"20250204";"Plein.NL via Stichting Mollie Payments";"";"NL51DEUT0016877995";"";"Af";"36,45";"";"X9928374662 X9928374663 22157866 plein.nl Plein.NL"
"20250205";"NVO Online";"";"NL35RABO0019804615";"";"Af";"39,95";"";"X9928374664 X9928374665 allesb rvgMObcN3sFPbkXAWBeqeW1TN"
"20250206";"GREENCHOICE";"";"NL18INGB0001901816";"";"Af";"75";"";"Johan van 01 februari 2025"
"20250209";"Jumbo Deventer >DEVENTER 9.02.";"";"";"";"Af";"33,17";"";""
"20250210";"NS GROEP IZ NS REIZIGERS";"";"NL14ABNA0019804615";"";"Af";"4,65";"";"Factuur: X9928374666"
"20250213";"Jumbo Deventer >DEVENTER 13.02";"";"";"";"Af";"47,42";"";""
"20250214";"BOLCOM BV";"";"NL27INGB0001392934";"";"Bij";"45,95";"";"Artikel geretourneerd voor factuur X9928374667"
"20250215";"bol.com";"";"NL27INGB0001392934";"";"Af";"54,95";"";"X9928374668 7051484592374573 bol.com A0003E7CFU"
"20250216";"Jumbo Deventer >DEVENTER 16.02";"";"";"";"Af";"24,18";"";""
"20250218";"Albert Heijn 1440 >DEVENTER 18";"";"";"";"Af";"20,23";"";""
"20250219";"De Voordeelmarkt >DEVENTER 19.";"";"";"";"Af";"10,4";"";""
"20250220";"bol.com";"";"NL27INGB0001392934";"";"Af";"43,83";"";"X9928374669 7051336680391715 bol.com A0003JRCXC"
"20250221";"Jumbo Deventer >DEVENTER 21.02";"";"";"";"Af";"45,29";"";""
"20250223";"CCV*Eethuis Halte Asse>HOOG SO";"";"";"";"Af";"15,15";"";""
"20250224";"Sociale Verzekeringsbank";"";"NL16RABO0019973114";"";"Bij";"1214,77";"";"AOW     FEB 25 VZ09443330 WWW.SVB.NL                                              SVB"
"20250224";"ODIDO NETHERLANDS B.V.";"";"NL95COBA0019997218";"";"Af";"46,44";"";"Odido Internet + TV MFT42362 Factuur TMT1048158562"
"20250224";"PayPal Europe S.a.r.l. et Cie S.C.A";"";"LU89751000135104200E";"";"Af";"5";"";"1040401778274/PAYPAL"
"20250224";"Action 1132 >Deventer 24.02.20";"";"";"";"Af";"1,49";"";""
"20250225";"Kosten gebruik betaalrekening ";"";"";"";"Af";"3,2";"";""
"20250225";"SIMYO";"";"NL83INGB0009174216";"";"Af";"8,69";"";"Simyo:X9928374670, FACTUURNUMMER:X9928374671"
"20250225";"CCV*Spaansloos t.h.o.d>DEVENTE";"";"";"";"Af";"18,25";"";""
"20250225";"VITENS NV";"";"NL94INGB0000869000";"";"Af";"8";"";"Johan Termijnfactuur FEB"
"20250226";"Jumbo Deventer >DEVENTER 26.02";"";"";"";"Af";"50,5";"";""
"20250226";"Kruidvat 7614 >DEVENTER 26.02.";"";"";"";"Af";"11,69";"";""
"20250226";"GBLT";"";"NL82DEUT0019804615";"";"Af";"31,5";"";"GBLT incasso maandelijkse termijn Termijn 7 van 10 Vervaldatum 26 feb 2025 Kenmerk X9928374672 Heffingjaar 2024"
"20250227";"ASR HYPOTHEEK";"";"NL91ABNA0019804615";"";"Af";"894,95";"";"Termijnbetaling hypotheek. Kijk voor uw actuele saldo op: https://mijnhypotheek.asr.nl. PERIODE 02-2025"
"20250227";"FIETSERSBOND";"";"NL59INGB0001451048";"";"Af";"5";"";"Contributie februari 2025"
"20250228";"GroenLinks Contributies";"";"NL05TRIO0019804615";"";"Af";"25";"";"GroenLinks Lidmaatschap (01-feb-2025 tot 01-mrt-2025)"
"20250228";"Energiewacht Groep";"";"NL44RABO0019804615";"";"Af";"8,98";"";"Factuur VF10-250387955"
"20250228";"Jumbo Deventer >DEVENTER 28.02";"";"";"";"Af";"47,42";"";""
"20250228";"Amnesty International";"";"NL56DEUT0019804615";"";"Af";"60";"";"QRa5RVk0000009oDh00vVk000009EuEOIA0 X9928374673 Bedankt voor uw bijdrage"
"20250301";"ALBERT HEIJN 1440 >DEVENTER 1.";"";"";"";"Af";"20,3";"";""
"20250302";"Mantel";"";"NL04ADYB2031076332";"";"Af";"97,75";"";"ZMXPQTQVTWS2SBF62LUT0 X9928374674 Mantel X9928374675 Bestelling"
"20250303";"ABP Pensio";"";"NL68RABO0018166535";"";"Bij";"685,02";"";"PENSIOEN MAART 2025"
"20250303";"Brand New Day";"";"NL70BNDA0013929458";"";"Bij";"276,98";"";"Netto uitkering februari 2025 NL70BNDA0013929458"
"20250303";"CCV*Chez Antoinette >DEVENTER ";"";"";"";"Af";"108";"";""
"20250303";"Jumbo Deventer >DEVENTER 3.03.";"";"";"";"Af";"20,48";"";""
"20250304";"bol.com";"";"NL27INGB0001392934";"";"Af";"29,9";"";"X9928374676 7051865192175466 bol.com A0003K45RN"
"20250304";"NVVE, NL Vereniging voor eenVrijwillig Levenseinde";"";"NL70INGB0006335188";"";"Af";"28";"";"X9928374677 25-02-25 t/m 24-02-26 ,F25-017513"
"20250304";"Rakuten Kobo";"";"IE30CITI99005132956548";"";"Af";"14,99";"";"RAKUTEN KOBO INC"
"20250306";"GREENCHOICE";"";"NL18INGB0001901816";"";"Af";"75";"";"Johan van 01 maart 2025"
"20250307";"Jumbo Deventer >DEVENTER 7.03.";"";"";"";"Af";"50,2";"";""
"20250308";"Jumbo Deventer >DEVENTER 8.03.";"";"";"";"Af";"54,71";"";""
"20250308";"Grand Cafe Audreys >Brummen 8.";"";"";"";"Af";"24,8";"";""
"20250309";"Buitengewoon Lekker >Nijverdal";"";"";"";"Af";"22,5";"";""
"20250312";"Jumbo Deventer >DEVENTER 12.03";"";"";"";"Af";"25,95";"";""
"20250315";"Jumbo Deventer >DEVENTER 15.03";"";"";"";"Af";"39,38";"";""
"20250316";"Grand Cafe Het Oude St>DALFSEN";"";"";"";"Af";"20";"";""
"20250317";"THE MATRIX.ORG FOUNDATION C.I.C";"";"NL58CITI2032329913";"";"Af";"0,01";"";"NEPWGFJ X9928374678 Matrix.org"
"20250317";"Stripe Payments UK Ltd";"";"DK9189000000010241";"";"Bij";"0,01";"";"REFUND FROM THE MATRIX.ORG F P2O2M3"
"20250318";"Stichting ReumaNederland via CM.com";"";"NL54DEUT0019804615";"";"Af";"5";"";"LegitimatieALG25 X9928374679 Donatie ReumaNederland Stichting ReumaNederland"
"20250318";"KATO Group B.V.";"";"NL56DEUT0019804615";"";"Af";"169";"";"X9928374680 X9928374681 X9928374680"
"20250319";"Jumbo Deventer >DEVENTER 19.03";"";"";"";"Af";"37,27";"";""
"20250319";"NS Internationaal B.V.";"";"NL56DEUT0019804615";"";"Af";"17,4";"";"X9928374682 X9928374683 DNR: RDVWXBL"
"20250319";"Een Waardig Levenseinde via Stichting Mollie Payments";"";"NL51DEUT0016877995";"";"Af";"9,9";"";"X9928374684 X9928374685 Order X9928374686 boudewijnchabot.org Een Waardig Levenseinde"
"20250321";"THE MATRIX.ORG FOUNDATION C.I.C";"";"IE30CITI99005132956548";"";"Af";"5";"";"Matrix.org"
"20250321";"STICHTING DERDENGELDEN BUCKAROO";"";"NL06DEUT0019804615";"";"Bij";"17,4";"";"DNR: RDVWXBL - NS International - BuckID: P1WVZ7UPTVRRKRAIT7PK"
"20250323";"Apple Services";"";"NL04ADYB2031076332";"";"Af";"10";"";"NP2NQLV8F3FS6QZ32FS56 X9928374687 ML0HJ5JXQ2a0 https://apple.co/b"
"20250323";"Jumbo Deventer >DEVENTER 23.03";"";"";"";"Af";"33,42";"";""
"20250323";"De Fietsvakantiewinkel B.V.";"";"NL56DEUT0019804615";"";"Af";"88,5";"";"X9928374688 X9928374689 Fietsvakantiewinkel"
"20250323";"Mantel";"";"NL04ADYB2031076332";"";"Af";"74,9";"";"MVZ4BDRTTD53R8F32LUT0 X9928374690 Mantel X9928374691 Bestelling"
"20250324";"Sociale Verzekeringsbank";"";"NL16RABO0019973114";"";"Bij";"1214,77";"";"AOW     MRT 25 VZ09443330 WWW.SVB.NL                                              SVB"
"20250325";"Kosten gebruik betaalrekening ";"";"";"";"Af";"3,2";"";""
"20250325";"Reg.BelastingSamenwerking";"";"NL47BNGH0019804615";"";"Af";"74,7";"";"Aanslag: 202500003002000 , Gecomb.bel.jaren 2024/2025 , Vervaldatum termijn: 31.03.2025"
"20250325";"Albert Heijn 1501 >AMERSFOOR25";"";"";"";"Af";"2,29";"";""
"20250325";"VITENS NV";"";"NL94INGB0000869000";"";"Af";"8";"";"Factuurnr X9928374692,Johan Termijnfactuur MRT"
"20250326";"GBLT";"";"NL82DEUT0019804615";"";"Af";"31,49";"";"GBLT incasso maandelijkse termijn Termijn 8 van 10 Vervaldatum 26 mrt 2025 Kenmerk X9928374693 Heffingjaar 2024"
"20250326";"ODIDO NETHERLANDS B.V.";"";"NL95COBA0019997218";"";"Af";"46,44";"";"Odido Internet + TV MFT42362 Factuur TMT1049125647"
"20250326";"SIMYO";"";"NL83INGB0009174216";"";"Af";"8";"";"Simyo:X9928374694, FACTUURNUMMER:X9928374695"
"20250327";"FIETSERSBOND";"";"NL59INGB0001451048";"";"Af";"5";"";"Contributie maart 2025"
"20250327";"Jumbo Deventer >DEVENTER 27.03";"";"";"";"Af";"39,26";"";""
"20250327";"Ubiquiti Store Europe";"";"NL58CITI2032329913";"";"Af";"690,06";"";"ERUGWUU X9928374696 EU.STORE.UI.COM"
"20250328";"ASR HYPOTHEEK";"";"NL91ABNA0019804615";"";"Af";"894,95";"";"Termijnbetaling hypotheek. Kijk voor uw actuele saldo op: https://mijnhypotheek.asr.nl. PERIODE 03-2025"
"20250328";"Energiewacht B.V.";"";"NL44RABO0019804615";"";"Af";"8,98";"";"Factuur VF10-250592363"
"20250328";"GroenLinks Contributies";"";"NL05TRIO0019804615";"";"Af";"25";"";"GroenLinks Lidmaatschap (01-mrt-2025 tot 01-apr-2025)"
"20250329";"Albert Heijn 1440 >DEVENTER 29";"";"";"";"Af";"9,57";"";""
"20250330";"de Vossenberg >Vierhoute30.03.";"";"";"";"Af";"32,2";"";""
"20250330";"Netflix.com";"";"NL92INGB0005302809";"";"Af";"8,99";"";"X9928374697 X9928374698 NETFLIX"
"20250401";"ABP Pensio";"";"NL68RABO0018166535";"";"Bij";"703,82";"";"PENSIOEN APRIL 2025"
"20250401";"Brand New Day";"";"NL70BNDA0013929458";"";"Bij";"276,98";"";"Netto uitkering maart 2025 NL70BNDA0013929458"
"20250402";"BCK*Kledingherstel Kei>DEVENTE";"";"";"";"Af";"3,5";"";""
"20250402";"Action 1132 >Deventer 2.04.202";"";"";"";"Af";"1,49";"";""
"20250402";"Jumbo Deventer >DEVENTER 2.04.";"";"";"";"Af";"26,89";"";""
"20250404";"FUTURUMSHOP.NL B.V.";"";"NL04ADYB2031076332";"";"Af";"129,99";"";"D28QH8RFTJQSKGF32LUSW X9928374699 X9928374700x"
"20250404";"KARWEI DEVENTER >DEVENTER 4.04";"";"";"";"Af";"46,14";"";""
"20250405";"Jumbo Deventer >DEVENTER 5.04.";"";"";"";"Af";"32,68";"";""
"20250406";"CCV*Eethuis Halte Asse>HOOG SO";"";"";"";"Af";"12,8";"";""
"20250406";"CCV*Eethuis Halte Asse>HOOG SO";"";"";"";"Af";"6,8";"";""
"20250406";"Staatsbosbeheer via Stichting Mollie Payments";"";"NL51DEUT0016877995";"";"Af";"47,55";"";"X9928374701 X9928374702 Reservering X9928374703 Staatsbosbeheer"
"20250406";"HartWerk B.V. via Stichting Mollie Payments";"";"NL51DEUT0016877995";"";"Af";"29";"";"X9928374704 X9928374705 Reservering X9928374706 HartWerk B.V."
"20250406";"Telco Accessories B.V. via Stripe Technology Europe Ltd";"";"DE23202208000094830836";"";"Af";"139,42";"";"71UT098 X9928374707 SP XTORM Telco Accessories B.V."
"20250407";"HEMA EV050DEVENTER >DEVENTER 7";"";"";"";"Af";"4,97";"";""
"20250407";"GREENCHOICE";"";"NL18INGB0001901816";"";"Af";"75";"";"Johan Notanumber GC0109808650 van 01 april 2025"
"20250408";"CCV*VOF MARTENS >APELDOORN 8.0";"";"";"";"Af";"42,86";"";""
"20250409";"Jumbo Deventer >DEVENTER 9.04.";"";"";"";"Af";"6,58";"";""
"20250410";"Jumbo Deventer >DEVENTER 10.04";"";"";"";"Af";"41,74";"";""
"20250411";"HBM Machines B.V.";"";"NL56DEUT0019804615";"";"Af";"28,98";"";"X9928374708 X9928374709 CT-C422790"
"20250414";"Jumbo Deventer >DEVENTER 14.04";"";"";"";"Af";"16,37";"";""
"20250416";"Jumbo Deventer >DEVENTER 16.04";"";"";"";"Af";"5,99";"";""
"20250418";"Jumbo Deventer >DEVENTER 18.04";"";"";"";"Af";"46,32";"";""
"20250418";"Copar via Stichting Mollie Payments";"";"NL51DEUT0016877995";"";"Af";"134,16";"";"X9928374710 X9928374711 Order X9928374712 Copar"
"20250419";"Albert Heijn 1440 >DEVENTER 19";"";"";"";"Af";"3,69";"";""
"20250422";"Jumbo Deventer >DEVENTER 22.04";"";"";"";"Af";"32,57";"";""
"20250423";"Sociale Verzekeringsbank";"";"NL16RABO0019973114";"";"Bij";"1214,77";"";"AOW     APR 25 VZ09443330 WWW.SVB.NL                                              SVB"
"20250423";"SIMYO";"";"NL83INGB0009174216";"";"Af";"9,84";"";"Simyo:X9928374713, FACTUURNUMMER:X9928374714"
"20250423";"ODIDO NETHERLANDS B.V.";"";"NL95COBA0019997218";"";"Af";"46,44";"";"Odido Internet + TV MFT42362 Factuur TMT1050101502"
"20250425";"Kosten gebruik betaalrekening ";"";"";"";"Af";"3,2";"";""
"20250425";"Reg.BelastingSamenwerking";"";"NL47BNGH0019804615";"";"Af";"74,7";"";"Aanslag: 202500003002000 , Gecomb.bel.jaren 2024/2025 , Vervaldatum termijn: 30.04.2025"
"20250425";"THE MATRIX.ORG FOUNDATION C.I.C";"";"IE30CITI99005132956548";"";"Af";"5";"";"Matrix.org"
"20250425";"FIETSERSBOND";"";"NL59INGB0001451048";"";"Af";"5";"";"Contributie april 2025"
"20250425";"VITENS NV";"";"NL94INGB0000869000";"";"Af";"8";"";"Factuurnr X9928374715,Johan Termijnfactuur APR"
"20250425";"Energiewacht B.V.";"";"NL44RABO0019804615";"";"Af";"8,98";"";"Factuur VF10-250808337"
"20250426";"Jumbo Deventer >DEVENTER 26.04";"";"";"";"Af";"29,32";"";""
"20250428";"GroenLinks Contributies";"";"NL05TRIO0019804615";"";"Af";"25";"";"GroenLinks Lidmaatschap (01-apr-2025 tot 01-mei-2025)"
"20250428";"GBLT";"";"NL82DEUT0019804615";"";"Af";"31,5";"";"GBLT incasso maandelijkse termijn Termijn 9 van 10 Vervaldatum 28 apr 2025 Kenmerk X9928374716 Heffingjaar 2024"
"20250429";"ASR HYPOTHEEK";"";"NL91ABNA0019804615";"";"Af";"894,95";"";"Termijnbetaling hypotheek. Kijk voor uw actuele saldo op: https://mijnhypotheek.asr.nl. PERIODE 04-2025"
"20250429";"TLS BV inz. OV-Chipkaart";"";"NL12RABO0019823445";"";"Af";"50";"";"Automatisch opladen OV-chipkaart Kaartnummer:X9928374717 Oplaaddatum/tijd:24-04-25 20:08"
"20250429";"Jumbo Deventer >DEVENTER 29.04";"";"";"";"Af";"14,33";"";""
"20250430";"Transavia";"";"NL04ADYB2031076332";"";"Af";"257,4";"";"MSN557TDRSCQPFF32I2L5 X9928374718 WEI99T X9928374719"
"20250430";"Albert Heijn 1440 >DEVENTER 30";"";"";"";"Af";"42,54";"";""
"20250501";"Speelgoedmuseum >DEVENTER 1.05";"";"";"";"Af";"12";"";""
"20250501";"CCV*Van der Veldes Sle>ENSCHED";"";"";"";"Af";"4";"";""
"20250501";"De Kribbe Horeca B.V.";"";"NL35RABO0019804615";"";"Af";"6";"";"X9928374720 X9928374721 Booq Payment"
"20250501";"Jumbo Deventer >DEVENTER 1.05.";"";"";"";"Af";"2,78";"";""
"20250502";"ABP Pensio";"";"NL68RABO0018166535";"";"Bij";"703,82";"";"PENSIOEN MEI 2025"
"20250502";"Brand New Day";"";"NL70BNDA0013929458";"";"Bij";"276,98";"";"Netto uitkering april 2025 NL70BNDA0013929458"
"20250502";"CCV*V.O.F. Rozebooms I>VAASSEN";"";"";"";"Af";"8";"";""
"20250502";"Albert Heijn 1440 >DEVENTER 2.";"";"";"";"Af";"39,1";"";""
"20250504";"Jumbo Deventer >DEVENTER 4.05.";"";"";"";"Af";"32,62";"";""
"20250504";"CCV*Cafetaria De Worp >DEVENTE";"";"";"";"Af";"8,7";"";""
"20250505";"Albert Heijn 1440 >DEVENTER 5.";"";"";"";"Af";"5,54";"";""
"20250506";"GREENCHOICE";"";"NL18INGB0001901816";"";"Af";"75";"";"Johan Notanummer GC0110498249 van 01 mei 2025"
"20250506";"HEMA EV050DEVENTER >DEVENTER 6";"";"";"";"Af";"12,98";"";""
"20250508";"NS GROEP IZ NS REIZIGERS";"";"NL14ABNA0019804615";"";"Af";"4,65";"";"Factuur: X9928374722"
"20250509";"Jumbo Deventer >DEVENTER 9.05.";"";"";"";"Af";"32,12";"";""
"20250511";"Hotel Bakker >Vorden 11.05.202";"";"";"";"Af";"34,75";"";""
"20250511";"CCV*TALAMINI >DEVENTER 11.05.2";"";"";"";"Af";"29,8";"";""
"20250512";"Jumbo Deventer >DEVENTER 12.05";"";"";"";"Af";"72,5";"";""
"20250512";"Albert Heijn 1440 >DEVENTER 12";"";"";"";"Af";"4,98";"";""
"20250513";"Polarsteps";"";"NL58CITI2032329913";"";"Af";"216,8";"";"X9928374723 X9928374724 polarsteps.com"
"20250515";"Albert Heijn 1440 >DEVENTER 15";"";"";"";"Af";"33,5";"";""
"20250520";"Jumbo Deventer >DEVENTER 20.05";"";"";"";"Af";"17,39";"";""
"20250520";"Bever Deventer >DEVENTER 20.05";"";"";"";"Af";"8,95";"";""
"20250522";"Sociale Verzekeringsbank";"";"NL16RABO0019973114";"";"Bij";"1774,22";"";"AOW+VAK        VZ09443330 WWW.SVB.NL                                              SVB"
"20250522";"THE MATRIX.ORG FOUNDATION C.I.C";"";"IE30CITI99005132956548";"";"Af";"5";"";"Matrix.org"
"20250522";"De Locomotief >GROESBEEK22.05.";"";"";"";"Af";"135";"";""
"20250523";"VEER MILLINGEN AD RIJN>MILLING";"";"";"";"Af";"5";"";""
"20250523";"BROODS Zeddam >ZEDDAM 23.05.20";"";"";"";"Af";"6";"";""
"20250524";"Bakk.Heijerman >ZELHEM 24.05.2";"";"";"";"Af";"23,11";"";""
"20250524";"Jumbo Deventer >DEVENTER 24.05";"";"";"";"Af";"11,22";"";""
"20250525";"Kosten gebruik betaalrekening ";"";"";"";"Af";"3,65";"";""
"20250526";"Jumbo Deventer >DEVENTER 26.05";"";"";"";"Af";"31,5";"";""
"20250526";"Reg.BelastingSamenwerking";"";"NL47BNGH0019804615";"";"Af";"74,7";"";"Aanslag: 202500003002000 , Gecomb.bel.jaren 2024/2025 , Vervaldatum termijn: 31.05.2025"
"20250526";"ODIDO NETHERLANDS B.V.";"";"NL95COBA0019997218";"";"Af";"46,44";"";"Odido Internet + TV MFT42362 Factuur TMT1051085962"
"20250526";"VITENS NV";"";"NL94INGB0000869000";"";"Af";"8";"";"Factuurnr X9928374725,Johan Termijnfactuur MEI"
"20250526";"GBLT";"";"NL82DEUT0019804615";"";"Af";"31,49";"";"GBLT incasso maandelijkse termijn Termijn 10 van 10 Vervaldatum 26 mei 2025 Kenmerk X9928374726 Heffingjaar 2024"
"20250527";"SIMYO";"";"NL83INGB0009174216";"";"Af";"9,84";"";"Simyo:X9928374727, FACTUURNUMMER:X9928374728"
"20250527";"FIETSERSBOND";"";"NL59INGB0001451048";"";"Af";"5";"";"Contributie mei 2025"
"20250528";"GroenLinks Contributies";"";"NL05TRIO0019804615";"";"Af";"25";"";"GroenLinks Lidmaatschap (01-mei-2025 tot 01-jun-2025)"
"20250528";"CCV*BAX BV >DEVENTER 28.05.202";"";"";"";"Af";"240";"";""
"20250529";"BCK*McDonalds Gorinche>GORINCH";"";"";"";"Af";"28,35";"";""
"20250529";"ASR HYPOTHEEK";"";"NL91ABNA0019804615";"";"Af";"894,95";"";"Termijnbetaling hypotheek. Kijk voor uw actuele saldo op: https://mijnhypotheek.asr.nl. PERIODE 05-2025"
"20250529";"Energiewacht B.V.";"";"NL44RABO0019804615";"";"Af";"8,98";"";"Factuur VF10-251016439"
"20250531";"N-ICE CREAM >OUD-HEVER31.05.20";"";"";"";"Af";"41,6";"";""
"20250602";"Brand New Day";"";"NL70BNDA0013929458";"";"Bij";"276,98";"";"Netto uitkering mei 2025 NL70BNDA0013929458"
"20250602";"ABP Pensio";"";"NL68RABO0018166535";"";"Bij";"703,82";"";"PENSIOEN JUNI 2025"
"20250602";"Jumbo Deventer >DEVENTER 2.06.";"";"";"";"Af";"40,57";"";""
"20250605";"Signal Technology Foundation";"";"NL58CITI2032329913";"";"Af";"0,01";"";"X9928374729 X9928374730 Signal Foundation"
"20250606";"STRIPE";"";"GB23CITI18500810220205";"";"Bij";"0,01";"";"REFUND FROM SIGNAL TECHNOLOGY FOUNDATION"
"20250606";"GREENCHOICE";"";"NL18INGB0001901816";"";"Af";"75";"";"Johan Notanummer GC0111125963 van 01 juni 2025"
"20250608";"Jumbo Deventer >DEVENTER 8.06.";"";"";"";"Af";"62,27";"";""
"20250609";"Signal Technology Foundation";"";"IE30CITI99005132956548";"";"Af";"5";"";"Signal Foundation"
"20250612";"Jumbo Deventer >DEVENTER 12.06";"";"";"";"Af";"44,65";"";""
"20250616";"Albert Heijn 1440 >DEVENTER 16";"";"";"";"Af";"12,76";"";""
"20250617";"DEKAMARKT LOC 505 >TWELLO 17.0";"";"";"";"Af";"13,66";"";""
"20250619";"Jumbo Deventer >DEVENTER 19.06";"";"";"";"Af";"20,07";"";""
"20250619";"Wijhese Veer B.V. >WIJHE 19.06";"";"";"";"Af";"3";"";""
"20250621";"Jumbo Deventer >DEVENTER 21.06";"";"";"";"Af";"40,8";"";""
"20250622";"bol.com";"";"NL27INGB0001392934";"";"Af";"18,02";"";"X9928374731 X9928374732 bol.com A0006NUXMX"
"20250623";"Sociale Verzekeringsbank";"";"NL16RABO0019973114";"";"Bij";"1214,77";"";"AOW     JUN 25 VZ09443330 WWW.SVB.NL                                              SVB"
"20250623";"THE MATRIX.ORG FOUNDATION C.I.C";"";"IE30CITI99005132956548";"";"Af";"5";"";"Matrix.org"
"20250624";"ODIDO NETHERLANDS B.V.";"";"NL95COBA0019997218";"";"Af";"46,44";"";"Odido Internet + TV MFT42362 Factuur TMT1052078655"
"20250625";"Kosten gebruik betaalrekening ";"";"";"";"Af";"3,65";"";""
"20250625";"Jumbo Deventer >DEVENTER 25.06";"";"";"";"Af";"32,72";"";""
"20250625";"Reg.BelastingSamenwerking";"";"NL47BNGH0019804615";"";"Af";"74,7";"";"Aanslag: 202500003002000 , Gecomb.bel.jaren 2024/2025 , Vervaldatum termijn: 30.06.2025"
"20250625";"VITENS NV";"";"NL94INGB0000869000";"";"Af";"8";"";"Factuurnr X9928374733,Johan Termijnfactuur JUN"
"20250625";"SIMYO";"";"NL83INGB0009174216";"";"Af";"9,61";"";"Simyo:X9928374734, FACTUURNUMMER:X9928374735"
"20250627";"FIETSERSBOND";"";"NL59INGB0001451048";"";"Af";"5";"";"Contributie juni 2025"
"20250627";"Energiewacht B.V.";"";"NL44RABO0019804615";"";"Af";"8,98";"";"Factuur VF10-251217138"
"20250627";"GroenLinks Contributies";"";"NL05TRIO0019804615";"";"Af";"25";"";"GroenLinks Lidmaatschap (01-jun-2025 tot 01-jul-2025)"
"20250627";"ASR HYPOTHEEK";"";"NL91ABNA0019804615";"";"Af";"894,95";"";"Termijnbetaling hypotheek. Kijk voor uw actuele saldo op: https://mijnhypotheek.asr.nl. PERIODE 06-2025"
"20250629";"CCV*Hotel Vierhouten >VIERHOUT";"";"";"";"Af";"32,9";"";""
"20250629";"Albert Heijn 1362 >DEVENTER 29";"";"";"";"Af";"18,06";"";""
"20250630";"Jumbo Deventer >DEVENTER 30.06";"";"";"";"Af";"34,89";"";""
"20250630";"Kruidvat 7614 >DEVENTER 30.06.";"";"";"";"Af";"19,16";"";""
"20250701";"Brand New Day";"";"NL70BNDA0013929458";"";"Bij";"276,98";"";"Netto uitkering juni 2025 NL70BNDA0013929458"
"20250701";"ABP Pensio";"";"NL68RABO0018166535";"";"Bij";"703,82";"";"PENSIOEN JULI 2025"
"20250701";"DEKAMARKT LOC 505 >TWELLO 1.07";"";"";"";"Af";"6,41";"";""
"20250705";"Jumbo Deventer >DEVENTER 5.07.";"";"";"";"Af";"88,25";"";""
"20250705";"Albert Heijn 1440 >DEVENTER 5.";"";"";"";"Af";"12,76";"";""
"20250706";"Hotel-Rest. Bakker >VORDEN 6.0";"";"";"";"Af";"16";"";""
"20250706";"Copar via Stichting Mollie Payments";"";"NL51DEUT0016877995";"";"Af";"134,16";"";"X9928374736 X9928374737 Order X9928374738 Copar"
"20250707";"GREENCHOICE";"";"NL18INGB0001901816";"";"Af";"75";"";"Johan Notanummer GC0111531448 van 01 juli 2025"
"20250707";"Jumbo Deventer >DEVENTER 7.07.";"";"";"";"Af";"29,18";"";""
"20250708";"Signal Technology Foundation";"";"IE30CITI99005132956548";"";"Af";"5";"";"Signal Foundation"
"20250710";"NS GROEP IZ NS REIZIGERS";"";"NL14ABNA0019804615";"";"Af";"4,65";"";"Factuur: X9928374739"
"20250711";"Jumbo Deventer >DEVENTER 11.07";"";"";"";"Af";"41,05";"";""
"20250712";"ALBERT HEIJN 1362 >DEVENTER 12";"";"";"";"Af";"70,11";"";""
"20250716";"Jumbo Deventer >DEVENTER 16.07";"";"";"";"Af";"34,37";"";""
"20250718";"Hardeman Horeca";"";"NL35RABO0019804615";"";"Af";"28,3";"";"X9928374740 X9928374741 Booq Payment"
"20250720";"Wijers";"";"NL68RABO0019804615";"";"Af";"4,75";"";""
"20250720";"CCV*De Veerstoep >BRUMMEN 20.0";"";"";"";"Af";"33,25";"";""
"20250721";"Jumbo Deventer >DEVENTER 21.07";"";"";"";"Af";"42,65";"";""
"20250722";"Zumub via Checkout.com";"";"NL92INGB0005302809";"";"Af";"52,96";"";"X9928374742 X9928374743 ORD50234E89 Zumub"
"20250723";"Sociale Verzekeringsbank";"";"NL16RABO0019973114";"";"Bij";"1238,96";"";"AOW     JUL 25 VZ09443330 WWW.SVB.NL                                              SVB"
"20250723";"JEEQO BARBERSHOP >ALMELO 23.07";"";"";"";"Af";"17";"";""
"20250723";"THE MATRIX.ORG FOUNDATION C.I.C";"";"IE30CITI99005132956548";"";"Af";"5";"";"Matrix.org"
"20250724";"SIMYO";"";"NL83INGB0009174216";"";"Af";"8";"";"Simyo:X9928374744, FACTUURNUMMER:X9928374745"
"20250724";"Motorkleding Store Ape>APELDOO";"";"";"";"Af";"1321,91";"";""
"20250724";"Fruitkwekerij H. Klomp>TWELLO ";"";"";"";"Af";"4,5";"";""
"20250725";"Kosten gebruik betaalrekening ";"";"";"";"Af";"3,65";"";""
"20250725";"Reg.BelastingSamenwerking";"";"NL47BNGH0019804615";"";"Af";"74,7";"";"Aanslag: 202500003002000 , Gecomb.bel.jaren 2024/2025 , Vervaldatum termijn: 31.07.2025"
"20250725";"ODIDO NETHERLANDS B.V.";"";"NL95COBA0019997218";"";"Af";"46,44";"";"Odido Internet + TV MFT42362 Factuur TMT1053079058"
"20250725";"VITENS NV";"";"NL94INGB0000869000";"";"Af";"8";"";"Factuurnr X9928374746,Johan Termijnfactuur JUL"
"20250725";"Energiewacht B.V.";"";"NL44RABO0019804615";"";"Af";"8,98";"";"Factuur VF10-251433875"
"20250725";"Jumbo Deventer >DEVENTER 25.07";"";"";"";"Af";"26,04";"";""
"20250727";"FUTURUMSHOP.NL B.V.";"";"NL04ADYB2031076332";"";"Af";"29,96";"";"X9928374747 X9928374748 X9928374749x"
"20250728";"CCV*Apotheek Cath cv >DEVENTER";"";"";"";"Af";"0,85";"";""
"20250728";"KRUIDVAT 7614 >DEVENTER 28.07.";"";"";"";"Af";"1,79";"";""
"20250728";"Jumbo Deventer >DEVENTER 28.07";"";"";"";"Af";"33,78";"";""
"20250728";"FIETSERSBOND";"";"NL59INGB0001451048";"";"Af";"5";"";"Contributie juli 2025"
"20250728";"MvdO international bv via Stichting Mollie Payments";"";"NL51DEUT0016877995";"";"Af";"35,9";"";"X9928374750 X9928374751 Order X9928374752 mrgreenmind.com MvdO international bv"
"20250728";"GroenLinks Contributies";"";"NL05TRIO0019804615";"";"Af";"25";"";"GroenLinks Lidmaatschap (01-jul-2025 tot 01-aug-2025)"
"20250729";"CCV*V.O.F. Rozebooms I>VAASSEN";"";"";"";"Af";"4";"";""
"20250730";"ASR HYPOTHEEK";"";"NL91ABNA0019804615";"";"Af";"894,95";"";"Termijnbetaling hypotheek. Kijk voor uw actuele saldo op: https://mijnhypotheek.asr.nl. PERIODE 07-2025"
"20250731";"bol.com";"";"NL27INGB0001392934";"";"Af";"122,99";"";"X9928374753 X9928374754 bol.com A0007K0KL2"
"20250731";"bol.com";"";"NL27INGB0001392934";"";"Af";"29,5";"";"X9928374755 X9928374756 bol.com A0007RN4HM"
"20250801";"ABP Pensio";"";"NL68RABO0018166535";"";"Bij";"703,82";"";"PENSIOEN AUGUSTUS 2025"
"20250801";"Brand New Day";"";"NL70BNDA0013929458";"";"Bij";"276,98";"";"Netto uitkering juli 2025 NL70BNDA0013929458"
"20250801";"Jumbo Deventer >DEVENTER 1.08.";"";"";"";"Af";"18,24";"";""
"20250804";"Jumbo Deventer >DEVENTER 4.08.";"";"";"";"Af";"47,98";"";""
"20250804";"bol.com";"";"NL27INGB0001392934";"";"Af";"13,12";"";"X9928374757 X9928374758 bol.com A0007WN6K1"
"20250805";"DS COVERS B.V. via Stichting Mollie Payments";"";"NL51DEUT0016877995";"";"Af";"127,9";"";"X9928374759 X9928374760 Order X9928374761 dscovers.nl DS COVERS B.V."
"20250806";"Koninklijke PostNL B.V.";"";"NL56DEUT0019804615";"";"Af";"5,45";"";"PnlFrank4BFNG4C X9928374762 Versturen Ordernummer: X9928374763"
"20250806";"GREENCHOICE";"";"NL18INGB0001901816";"";"Af";"75";"";"Johan Notanummer GC0112206602 van 01 augustus 2025"
"20250807";"Signal Technology Foundation";"";"IE30CITI99005132956548";"";"Af";"5";"";"Signal Foundation"
"20250807";"Plus Leersum >LEERSUM 7.08.202";"";"";"";"Af";"20,99";"";""
"20250808";"Jumbo Deventer >DEVENTER 8.08.";"";"";"";"Af";"30,53";"";""
"20250808";"Dienst voor het Kadaster";"";"NL56DEUT0019804615";"";"Af";"2,25";"";"X9928374764 X9928374765 Kadaster webwinkel producten"
"20250809";"Terpstra en Wessels >DEVENTER ";"";"";"";"Af";"14,95";"";""
"20250809";"PLUS Haanstra Holten >HOLTEN 9";"";"";"";"Af";"19,27";"";""
"20250811";"Jumbo Deventer >DEVENTER 11.08";"";"";"";"Af";"23,01";"";""
"20250812";"Hotel-Rest. Bakker >VORDEN 12.";"";"";"";"Af";"23,5";"";""
"20250814";"Paviljoen de Posbank >RHEDEN 1";"";"";"";"Af";"6,5";"";""
"20250814";"BCK*PLUS Versluis >KLARENBEE14";"";"";"";"Af";"10,67";"";""
"20250816";"Jumbo Deventer >DEVENTER 16.08";"";"";"";"Af";"26,97";"";""
"20250816";"Jumbo Dijkman D'ter >DEVENTER ";"";"";"";"Af";"23,63";"";""
"20250817";"Bij de Jongens >HATTEM 17.08.2";"";"";"";"Af";"25";"";""
"20250817";"Albert Heijn 1440 >DEVENTER 17";"";"";"";"Af";"3,48";"";""
"20250818";"Ten Kate Groenverh. >DEVENTER ";"";"";"";"Af";"8,95";"";""
"20250818";"TINQ TWELLO RIJKSSTRAA>TWELLO ";"";"";"";"Af";"12,06";"";""
"20250821";"Sociale Verzekeringsbank";"";"NL16RABO0019973114";"";"Bij";"1238,96";"";"AOW     AUG 25 VZ09443330 WWW.SVB.NL                                              SVB"
"20250821";"CCV*Audika Deventer >DEVENTER ";"";"";"";"Af";"141,45";"";""
"20250821";"Jumbo Deventer >DEVENTER 21.08";"";"";"";"Af";"36,22";"";""
"20250821";"THE MATRIX.ORG FOUNDATION C.I.C";"";"IE30CITI99005132956548";"";"Af";"5";"";"Matrix.org"
"20250822";"Ten Kate Groenverh. >DEVENTER ";"";"";"";"Af";"20";"";""
"20250824";"CCV*Hotel Vierhouten >VIERHOUT";"";"";"";"Af";"22,5";"";""
"20250825";"Kosten gebruik betaalrekening ";"";"";"";"Af";"3,65";"";""
"20250825";"ODIDO NETHERLANDS B.V.";"";"NL95COBA0019997218";"";"Af";"46,44";"";"Odido Internet + TV MFT42362 Factuur TMT1054078720"
"20250825";"Reg.BelastingSamenwerking";"";"NL47BNGH0019804615";"";"Af";"74,7";"";"Aanslag: 202500003002000 , Gecomb.bel.jaren 2024/2025 , Vervaldatum termijn: 31.08.2025"
"20250825";"VITENS NV";"";"NL94INGB0000869000";"";"Af";"8";"";"Factuurnr X9928374766,Johan Termijnfactuur AUG"
"20250826";"GBLT";"";"NL82DEUT0019804615";"";"Af";"32,37";"";"GBLT incasso maandelijkse termijn Termijn 1 van 10 Vervaldatum 26 aug 2025 Kenmerk X9928374767 Heffingjaar 2025"
"20250826";"De Rode Lap via Stichting Mollie Payments";"";"NL51DEUT0016877995";"";"Af";"3,89";"";"X9928374768 X9928374769 Order X9928374770 derodelap.nl De Rode Lap"
"20250827";"Jumbo Deventer >DEVENTER 27.08";"";"";"";"Af";"24,96";"";""
"20250827";"Jumbo Deventer >DEVENTER 27.08";"";"";"";"Af";"5";"";""
"20250827";"FIETSERSBOND";"";"NL59INGB0001451048";"";"Af";"5";"";"Contributie augustus 2025"
"20250827";"SIMYO";"";"NL83INGB0009174216";"";"Af";"8";"";"Simyo:X9928374771, FACTUURNUMMER:X9928374772"
"20250828";"ASR HYPOTHEEK";"";"NL91ABNA0019804615";"";"Af";"894,95";"";"Termijnbetaling hypotheek. Kijk voor uw actuele saldo op: https://mijnhypotheek.asr.nl. PERIODE 08-2025"
"20250828";"Energiewacht B.V.";"";"NL44RABO0019804615";"";"Af";"8,98";"";"Factuur VF10-251636870"
"20250828";"GroenLinks Contributies";"";"NL05TRIO0019804615";"";"Af";"25";"";"GroenLinks Lidmaatschap (01-aug-2025 tot 01-sep-2025)"
"20250828";"Jumbo Deventer >DEVENTER 28.08";"";"";"";"Af";"47,92";"";""
"20250828";"Action 1132 >Deventer 28.08.20";"";"";"";"Af";"2,49";"";""
"20250829";"CCV*DE GROTE MUUR >LEERSUM 29.";"";"";"";"Af";"74,9";"";""
"20250830";"Terpstra en Wessels >DEVENTER ";"";"";"";"Af";"34,4";"";""
"20250830";"Albert Heijn 1440 >DEVENTER 30";"";"";"";"Af";"36,32";"";""
"20250830";"CCV*Hotel Het Losse Ho>HOLTEN ";"";"";"";"Af";"20";"";""
"20250901";"ABP Pensio";"";"NL68RABO0018166535";"";"Bij";"703,82";"";"PENSIOEN SEPTEMBER 2025"
"20250901";"Brand New Day";"";"NL70BNDA0013929458";"";"Bij";"276,98";"";"Netto uitkering augustus 2025 NL70BNDA0013929458"
"20250902";"CCV*Eethuis Halte Asse>HOOG SO";"";"";"";"Af";"12,4";"";""
"20250903";"BCK*Jumbo Binnend Twel>TWELLO ";"";"";"";"Af";"7,97";"";""
"20250904";"Uitgekookt.nl via Stichting Mollie Payments";"";"NL51DEUT0016877995";"";"Af";"25";"";"X9928374773 X9928374774 Uitgekookt.nl maaltijdservice beste Uitgekookt.nl"
"20250906";"Jumbo Deventer >DEVENTER 6.09.";"";"";"";"Af";"52,99";"";""
"20250907";"Jumbo Deventer >DEVENTER 7.09.";"";"";"";"Af";"28,07";"";""
"20250908";"GREENCHOICE";"";"NL18INGB0001901816";"";"Af";"75";"";"Johan Notanummer GC0113109533 van 01 september 2025"
"20250909";"Signal Technology Foundation";"";"IE30CITI99005132956548";"";"Af";"5";"";"Signal Foundation"
"20250909";"PayPal Europe S.a.r.l. et Cie S.C.A";"";"LU89751000135104200E";"";"Af";"44,78";"";"1044664340721/PAYPAL"
"20250910";"ALBERT HEIJN 1423 >TWELLO 10.0";"";"";"";"Af";"12,75";"";""
"20250911";"Jumbo Deventer >DEVENTER 11.09";"";"";"";"Af";"15,55";"";""
"20250912";"TINQ DEVENTER DIEPENVE>DEVENTE";"";"";"";"Af";"21,82";"";""
"20250915";"Albert Heijn 1440 >DEVENTER 15";"";"";"";"Af";"15,55";"";""
"20250915";"Uitgekookt.nl via Stichting Mollie Payments";"";"NL51DEUT0016877995";"";"Af";"29,01";"";"X9928374775 X9928374776 Uitgekookt.nl maaltijdservice beste Uitgekookt.nl"
"20250918";"TINQ DEVENTER DIEPENVE>DEVENTE";"";"";"";"Af";"11,35";"";""
"20250921";"7340 DATS 24 HAASRODE >LEUVEN ";"";"";"";"Af";"15,66";"";""
"20250922";"Jumbo Deventer >DEVENTER 22.09";"";"";"";"Af";"19,58";"";""
"20250923";"Uitgekookt.nl via Stichting Mollie Payments";"";"NL51DEUT0016877995";"";"Af";"29,01";"";"X9928374777 X9928374778 Uitgekookt.nl maaltijdservice beste Uitgekookt.nl"
"20250923";"Sociale Verzekeringsbank";"";"NL16RABO0019973114";"";"Bij";"1238,96";"";"AOW     SEP 25 VZ09443330 WWW.SVB.NL                                              SVB"
"20250923";"THE MATRIX.ORG FOUNDATION C.I.C";"";"IE30CITI99005132956548";"";"Af";"5";"";"Matrix.org"
"20250923";"ODIDO NETHERLANDS B.V.";"";"NL95COBA0019997218";"";"Af";"46,44";"";"Odido Internet + TV MFT42362 Factuur TMT1055087016"
"20250924";"SIMYO";"";"NL83INGB0009174216";"";"Af";"8,23";"";"Simyo:X9928374779, FACTUURNUMMER:X9928374780"
"20250924";"DEKAMARKT LOC 505 >TWELLO 24.0";"";"";"";"Af";"5,14";"";""
"20250924";"Kinderpostzegels via MultiSafepay";"";"NL17DEUT0019804615";"";"Af";"16";"";"X9928374781 X9928374782 rORn9yFxeVJh6NGWclzlYCSZQ for Ru... Kinderpostzegels"
"20250924";"Kinderpostzegels via MultiSafepay";"";"NL17DEUT0019804615";"";"Af";"9";"";"X9928374783 X9928374784 r74bIysApPKVYxE6D70DJ1kvZ for Ru... Kinderpostzegels"
"20250924";"Grote Clubactie";"";"NL48INGB0019804615";"";"Af";"9";"";"X9928374785 X9928374786 XMBKRMMRX-Loten Sp Teuge"
"20250924";"Grote Clubactie";"";"NL48INGB0019804615";"";"Af";"9";"";"X9928374787 X9928374788 KLEEAKARW-Loten Sp Teuge"
"20250925";"Kosten gebruik betaalrekening ";"";"";"";"Af";"3,65";"";""
"20250925";"VITENS NV";"";"NL94INGB0000869000";"";"Af";"8";"";"Factuurnr X9928374789,Johan Termijnfactuur SEP"
"20250925";"Reg.BelastingSamenwerking";"";"NL47BNGH0019804615";"";"Af";"74,7";"";"Aanslag: 202500003002000 , Gecomb.bel.jaren 2024/2025 , Vervaldatum termijn: 30.09.2025"
"20250925";"Energiewacht B.V.";"";"NL44RABO0019804615";"";"Af";"8,98";"";"Factuur VF10-251836672"
"20250925";"Quooker International BV";"";"NL56DEUT0019804615";"";"Af";"60";"";"X9928374790 X9928374791 Quooker"
"20250926";"Jumbo Deventer >DEVENTER 26.09";"";"";"";"Af";"20,15";"";""
"20250926";"GroenLinks Contributies";"";"NL05TRIO0019804615";"";"Af";"25";"";"GroenLinks Lidmaatschap (01-sep-2025 tot 01-okt-2025)"
"20250926";"FIETSERSBOND";"";"NL59INGB0001451048";"";"Af";"5";"";"Contributie september 2025"
"20250926";"GBLT";"";"NL82DEUT0019804615";"";"Af";"32,37";"";"GBLT incasso maandelijkse termijn Termijn 2 van 10 Vervaldatum 26 sep 2025 Kenmerk X9928374792 Heffingjaar 2025"
"20250928";"CCV*Eethuis Halte Asse>HOOG SO";"";"";"";"Af";"14,7";"";""
"20250929";"ASR HYPOTHEEK";"";"NL91ABNA0019804615";"";"Af";"894,95";"";"Termijnbetaling hypotheek. Kijk voor uw actuele saldo op: https://mijnhypotheek.asr.nl. PERIODE 09-2025"
"20250930";"Albert Heijn 1440 >DEVENTER 30";"";"";"";"Af";"9,32";"";""
"20251001";"ABP Pensioenfonds";"";"NL68RABO0018166535";"";"Bij";"703,82";"";"PENSIOEN OKTOBER 2025"
"20251001";"Brand New Day";"";"NL70BNDA0013929458";"";"Bij";"276,98";"";"Netto uitkering september 2025 NL70BNDA0013929458"
"20251001";"Uitgekookt.nl via Stichting Mollie Payments";"";"NL51DEUT0016877995";"";"Af";"31,51";"";"X9928374793 X9928374794 Uitgekookt.nl maaltijdservice beste Uitgekookt.nl"
"20251001";"Jumbo Dijkman D'ter >DEVENTER ";"";"";"";"Af";"16,41";"";""
"20251002";"De Correspondent via Mollie";"";"NL48DEUT7023243979";"";"Af";"98,5";"";"DeCorrespondent crsb-247-193-8 Lidmaatschap sep25-sep26"
"20251003";"BCK*Kledingherstel Kei>DEVENTE";"";"";"";"Af";"23";"";""
"20251006";"GREENCHOICE";"";"NL18INGB0001901816";"";"Af";"75";"";"Johan Notanummer GC0113752546 van 01 oktober 2025"
"20251006";"Jumbo Dijkman D'ter >DEVENTER ";"";"";"";"Af";"21,33";"";""
"20251007";"Signal Technology Foundation";"";"IE30CITI99005132956548";"";"Af";"5";"";"Signal Foundation"
"20251010";"Jumbo Deventer >DEVENTER 10.10";"";"";"";"Af";"53,8";"";""
"20251012";"Albert Heijn 1358 >DEVENTER 12";"";"";"";"Af";"4,79";"";""
"20251013";"Uitgekookt.nl via Stichting Mollie Payments";"";"NL51DEUT0016877995";"";"Af";"34,01";"";"X9928374795 X9928374796 Uitgekookt.nl maaltijdservice beste Uitgekookt.nl"
"20251013";"Albert Heijn 1440 >DEVENTER 13";"";"";"";"Af";"5,58";"";""
"20251014";"DEKAMARKT LOC 505 >TWELLO 14.1";"";"";"";"Af";"6,58";"";""
"20251014";"Grote Clubactie";"";"NL48INGB0019804615";"";"Af";"9";"";"X9928374797 X9928374798 KERKBRKMM-Loten Circus Nevermi"
"20251015";"GREENCHOICE";"";"NL18INGB0001901816";"";"Bij";"260,07";"";"Klantnummer 2098489, Notanummer GC0113772987 van 02 oktober 2025"
"20251015";"AENA MALAGA T/NO ATEND>MALAGA ";"";"";"";"Af";"3,25";"";""
"20251015";"ARACA TROPICAL >MOTRIL 15.10.2";"";"";"";"Af";"16,9";"";""
"20251015";"ALCAMPO MOTRIL >MOTRIL 15.10.2";"";"";"";"Af";"124,97";"";""
"20251016";"LA TRATERIA >DURCAL 16.10.2025";"";"";"";"Af";"6,3";"";""
"20251016";"LA TRATERIA >DURCAL 16.10.2025";"";"";"";"Af";"13,5";"";""
"20251017";"NS GROEP IZ NS REIZIGERS";"";"NL14ABNA0019804615";"";"Bij";"28,91";"";"Betaling factuur: X9928374799"
"20251018";"KIWOKO MOTRIL >MOTRIL 18.10.2";"";"";"";"Af";"55,95";"";""
"20251018";"ARACA TROPICAL >MOTRIL 18.10.2";"";"";"";"Af";"15,4";"";""
"20251018";"LEROY MERLIN MOTRIL >MOTRIL 18";"";"";"";"Af";"24,99";"";""
"20251018";"ALCAMPO MOTRIL >MOTRIL 18.10.2";"";"";"";"Af";"199,15";"";""
"20251020";"MESON FUERA DE JUEGO >DURCAL 2";"";"";"";"Af";"9,5";"";""
"20251020";"EL ZAHOR >DURCAL 20.10.2025 11";"";"";"";"Af";"5,4";"";""
"20251020";"KIABI MOTRIL >MOTRIL 20.10.202";"";"";"";"Af";"7";"";""
"20251020";"KIABI MOTRIL >MOTRIL 20.10.202";"";"";"";"Af";"134,65";"";""
"20251020";"KIABI MOTRIL >MOTRIL 20.10.202";"";"";"";"Af";"14";"";""
"20251021";"Rakuten Kobo";"";"IE30CITI99005132956548";"";"Af";"9,99";"";"RAKUTEN KOBO INC"
"20251022";"SSP S A - AEROPUERTO >MALAGA 2";"";"";"";"Af";"9,75";"";""
"20251022";"Jumbo Deventer >DEVENTER 22.10";"";"";"";"Af";"20,99";"";""
"20251023";"Sociale Verzekeringsbank";"";"NL16RABO0019973114";"";"Bij";"1238,96";"";"AOW     OKT 25 VZ09443330 WWW.SVB.NL                                              SVB"
"20251023";"Copar via Stichting Mollie Payments";"";"NL51DEUT0016877995";"";"Af";"174,96";"";"X9928374800 X9928374801 Order X9928374802 Copar"
"20251024";"Uitgekookt.nl via Stichting Mollie Payments";"";"NL51DEUT0016877995";"";"Af";"36,51";"";"X9928374803 X9928374804 Uitgekookt.nl maaltijdservice beste Uitgekookt.nl"
"20251024";"THE MATRIX.ORG FOUNDATION C.I.C";"";"IE30CITI99005132956548";"";"Af";"5";"";"Matrix.org"
"20251025";"Kosten gebruik betaalrekening ";"";"";"";"Af";"3,65";"";""
"20251025";"Jumbo Deventer >DEVENTER 25.10";"";"";"";"Af";"33,68";"";""
"20251025";"Stoov";"";"NL35RABO0019804615";"";"Af";"159,95";"";"X9928374805 X9928374806 stoov- rV1JVgE3UUJKB7wp8o1GpKKO7"
"20251027";"Reg.BelastingSamenwerking";"";"NL47BNGH0019804615";"";"Af";"74,7";"";"Aanslag: 202500003002000 , Gecomb.bel.jaren 2024/2025 , Vervaldatum termijn: 31.10.2025"
"20251027";"Energiewacht B.V.";"";"NL44RABO0019804615";"";"Af";"8,98";"";"Factuur VF10-252049344"
"20251027";"ODIDO NETHERLANDS B.V.";"";"NL95COBA0019997218";"";"Af";"46,44";"";"Odido Internet + TV MFT42362 Factuur TMT1056103612"
"20251027";"GBLT";"";"NL82DEUT0019804615";"";"Af";"32,37";"";"GBLT incasso maandelijkse termijn Termijn 3 van 10 Vervaldatum 27 okt 2025 Kenmerk X9928374807 Heffingjaar 2025"
"20251027";"VITENS NV";"";"NL94INGB0000869000";"";"Af";"8";"";"Factuurnr X9928374808,Johan Termijnfactuur OKT"
"20251027";"FIETSERSBOND";"";"NL59INGB0001451048";"";"Af";"5";"";"Contributie oktober 2025"
"20251028";"GroenLinks Contributies";"";"NL05TRIO0019804615";"";"Af";"25";"";"GroenLinks Lidmaatschap (01-okt-2025 tot 01-nov-2025)"
"20251030";"ASR HYPOTHEEK";"";"NL91ABNA0019804615";"";"Af";"894,95";"";"Termijnbetaling hypotheek. Kijk voor uw actuele saldo op: https://mijnhypotheek.asr.nl. PERIODE 10-2025"
"20251030";"PAY.nl*Stappenbelt Fie>APELDOO";"";"";"";"Af";"23";"";""
"20251031";"Jumbo Deventer >DEVENTER 31.10";"";"";"";"Af";"34,67";"";""
"20251031";"SIMYO";"";"NL83INGB0009174216";"";"Af";"8,52";"";"Simyo:X9928374809, FACTUURNUMMER:X9928374810"
"20251102";"Tango Wilp A1 >WILP 2.11.2025 ";"";"";"";"Af";"19,5";"";""
"20251103";"Brand New Day";"";"NL70BNDA0013929458";"";"Bij";"276,98";"";"Netto uitkering oktober 2025 NL70BNDA0013929458"
"20251103";"ABP Pensioenfonds";"";"NL68RABO0018166535";"";"Bij";"703,82";"";"PENSIOEN NOVEMBER 2025"
"20251105";"Eurospar Hofstade >Hofstade 5.";"";"";"";"Af";"39,73";"";""
"20251106";"Uitgekookt.nl via Stichting Mollie Payments";"";"NL51DEUT0016877995";"";"Af";"36,51";"";"X9928374811 X9928374812 Uitgekookt.nl maaltijdservice beste Uitgekookt.nl"
"20251106";"GREENCHOICE";"";"NL18INGB0001901816";"";"Af";"70";"";"Johan Notanummer GC0114132596 van 01 november 2025"
"20251107";"7340 DATS 24 HAASRODE >LEUVEN ";"";"";"";"Af";"14,1";"";""
"20251107";"Signal Technology Foundation";"";"IE30CITI99005132956548";"";"Af";"5";"";"Signal Foundation"
"20251110";"Parkeren >DEVENTER 10.11.2025 ";"";"";"";"Af";"2";"";""
"20251110";"Jumbo Deventer >DEVENTER 10.11";"";"";"";"Af";"79,17";"";""
"20251111";"Tango Wilp A1 >WILP 11.11.2025";"";"";"";"Af";"17,29";"";""
"20251111";"Omroepvereniging VPRO";"";"NL67INGB0000314937";"";"Af";"25";"";"VPRO lidmaatschap 12-11-2025 t/m 11-11-2026"
"20251112";"Uitgekookt.nl via Stichting Mollie Payments";"";"NL51DEUT0016877995";"";"Af";"64,02";"";"X9928374813 X9928374814 Uitgekookt.nl maaltijdservice beste Uitgekookt.nl"
"20251113";"Detlev Louis Motorrad-Vertriebsgese via St. Derdengelden EMS";"";"NL27ABNA0019804615";"";"Af";"74,87";"";"X9928374815 X9928374816 Name:Xs 0.8 Eu-Acculader-Sku:100 Detlev Louis Motorrad-Vertriebsgese"
"20251117";"Jumbo Deventer >DEVENTER 17.11";"";"";"";"Af";"27,34";"";""
"20251117";"NS GROEP IZ NS REIZIGERS";"";"NL14ABNA0019804615";"";"Bij";"4,75";"";"Betaling factuur: X9928374817"
"20251118";"Human";"";"NL92INGB0008597220";"";"Af";"20";"";"HUMAN lidmaatschap 29-11-25 t/m 28-11-26"
"20251119";"MIMIK eten & drinken >DEVENTER";"";"";"";"Af";"208,9";"";""
"20251120";"AirSain Nederland B.V.";"";"NL56DEUT0019804615";"";"Af";"339";"";"OrderX9928374818 X9928374819 Order X9928374820 (airsain.nl)"
"20251121";"bol.com";"";"NL27INGB0001392934";"";"Af";"26,21";"";"X9928374821 X9928374822 bol.com A000AW99DD"
"20251121";"Jumbo Deventer >DEVENTER 21.11";"";"";"";"Af";"12,45";"";""
"20251121";"THE MATRIX.ORG FOUNDATION C.I.C";"";"IE30CITI99005132956548";"";"Af";"5";"";"Matrix.org"
"20251121";"Uitgekookt.nl via Stichting Mollie Payments";"";"NL51DEUT0016877995";"";"Af";"31,51";"";"X9928374823 X9928374824 Uitgekookt.nl maaltijdservice beste Uitgekookt.nl"
"20251123";"Beeld en Geluid >HILVERSUM23.1";"";"";"";"Af";"45,05";"";""
"20251123";"Beeld en Geluid >HILVERSUM23.1";"";"";"";"Af";"9,9";"";""
"20251124";"Sociale Verzekeringsbank";"";"NL16RABO0019973114";"";"Bij";"1238,96";"";"AOW     NOV 25 VZ09443330 WWW.SVB.NL                                              SVB"
"20251124";"ODIDO NETHERLANDS B.V.";"";"NL95COBA0019997218";"";"Af";"46,44";"";"Odido Internet + TV MFT42362 Factuur TMT1057127701"
"20251125";"Kosten gebruik betaalrekening ";"";"";"";"Af";"3,65";"";""
"20251125";"Jumbo Deventer >DEVENTER 25.11";"";"";"";"Af";"17,46";"";""
"20251125";"Reg.BelastingSamenwerking";"";"NL47BNGH0019804615";"";"Af";"74,7";"";"Aanslag: 202500003002000 , Gecomb.bel.jaren 2024/2025 , Vervaldatum termijn: 30.11.2025"
"20251125";"VITENS NV";"";"NL94INGB0000869000";"";"Af";"8";"";"Factuurnr X9928374825,Johan Termijnfactuur NOV"
"20251125";"SIMYO";"";"NL83INGB0009174216";"";"Af";"8,29";"";"Simyo:X9928374826, FACTUURNUMMER:X9928374827"
"20251125";"bol.com";"";"NL27INGB0001392934";"";"Af";"6,98";"";"X9928374828 X9928374829 bol.com A000C3JRN1"
"20251126";"GBLT";"";"NL82DEUT0019804615";"";"Af";"32,37";"";"GBLT incasso maandelijkse termijn Termijn 4 van 10 Vervaldatum 26 nov 2025 Kenmerk X9928374830 Heffingjaar 2025"
"20251127";"ASR HYPOTHEEK";"";"NL91ABNA0019804615";"";"Af";"894,95";"";"Termijnbetaling hypotheek. Kijk voor uw actuele saldo op  https //mijn"
"20251127";"Energiewacht B.V.";"";"NL44RABO0019804615";"";"Af";"8,98";"";"Factuur VF10-252255142"
"20251127";"FIETSERSBOND";"";"NL59INGB0001451048";"";"Af";"5";"";"Contributie november 2025"
"20251128";"GroenLinks Contributies";"";"NL05TRIO0019804615";"";"Af";"25";"";"GroenLinks Lidmaatschap (01-nov-2025 tot 01-dec-2025)"
"20251129";"Jumbo Deventer >DEVENTER 29.11";"";"";"";"Af";"41,02";"";""
"20251130";"Uitgekookt.nl via Stichting Mollie Payments";"";"NL51DEUT0016877995";"";"Af";"31,51";"";"X9928374831 X9928374832 Uitgekookt.nl maaltijdservice beste Uitgekookt.nl"
"20251201";"ABP Pensioenfonds";"";"NL68RABO0018166535";"";"Bij";"703,82";"";"PENSIOEN DECEMBER 2025"
"20251201";"Brand New Day";"";"NL70BNDA0013929458";"";"Bij";"276,98";"";"Netto uitkering november 2025 NL70BNDA0013929458"
"20251202";"Energiewacht";"";"NL02RABO0019804615";"";"Af";"35,04";"";"VF10-252309562"
"20251203";"CCV*Slagerij J. Buurma>TWELLO ";"";"";"";"Af";"21,9";"";""
"20251203";"DEKAMARKT LOC 505 >TWELLO 3.12";"";"";"";"Af";"1,09";"";""
"20251204";"Jumbo Deventer >DEVENTER 4.12.";"";"";"";"Af";"26,23";"";""
"20251207";"Grand Cafe Audreys >Brummen 7.";"";"";"";"Af";"23,4";"";""
"20251208";"GREENCHOICE";"";"NL18INGB0001901816";"";"Af";"70";"";"Johan Notanummer GC0115026251 van 01 december 2025"
"20251208";"Jumbo Deventer >DEVENTER 8.12.";"";"";"";"Af";"40,52";"";""
"20251209";"Stichting MIMIK";"";"NL40RABO0019804615";"";"Af";"22,5";"";"Vriend 25-01-2026 - 24-01-2027"
"20251209";"HEMA EV0050 Deventer >Deventer";"";"";"";"Af";"52,98";"";""
"20251209";"Signal Technology Foundation";"";"IE30CITI99005132956548";"";"Af";"5";"";"Signal Foundation"
"20251210";"Uitgekookt.nl via Stichting Mollie Payments";"";"NL51DEUT0016877995";"";"Af";"32,5";"";"X9928374833 X9928374834 Uitgekookt.nl maaltijdservice beste Uitgekookt.nl"
"20251211";"VITENS NV";"";"NL94INGB0000869000";"";"Bij";"8,03";"";"Factuurnr X9928374835, 26.11.2025, Periodeafrekening"
"20251211";"Jumbo Deventer >DEVENTER 11.12";"";"";"";"Af";"14,55";"";""
"20251212";"Stichting Deve>Devenete";"";"";"";"Af";"19,95";"";""
"20251212";"Uitgekookt.nl via Stichting Mollie Payments";"";"NL51DEUT0016877995";"";"Af";"34,01";"";"X9928374836 X9928374837 Uitgekookt.nl maaltijdservice beste Uitgekookt.nl"
"20251214";"Albert Heijn 1440 >DEVENTER 14";"";"";"";"Af";"26,05";"";""
"20251214";"Saniweb";"";"NL04ADYB2031076332";"";"Af";"398,15";"";"X9928374838 X9928374839 X9928374840"
"20251217";"Jumbo Deventer >DEVENTER 17.12";"";"";"";"Af";"48,55";"";""
"20251219";"Mollie *VDM Deventer >Deventer";"";"";"";"Af";"5,2";"";""
"20251222";"Tango Wilp A1 >WILP 22.12.2025";"";"";"";"Af";"12,27";"";""
"20251222";"Sociale Verzekeringsbank";"";"NL16RABO0019973114";"";"Bij";"1238,96";"";"AOW     DEC 25 VZ09443330 WWW.SVB.NL                                              SVB"
"20251222";"SIMYO";"";"NL83INGB0009174216";"";"Af";"8,29";"";"Simyo:X9928374841, FACTUURNUMMER:X9928374842"
"20251223";"THE MATRIX.ORG FOUNDATION C.I.C";"";"IE30CITI99005132956548";"";"Af";"5";"";"Matrix.org"
"20251223";"HET KUNSTUUR CAFE >MECHELEN 23";"";"";"";"Af";"58,2";"";""
"20251223";"Total Nn001621 Terschu>Terschu";"";"";"";"Af";"18,44";"";""
"20251224";"Warmteservice Deventer";"";"NL04ADYB2031076332";"";"Af";"4,49";"";"X9928374843 X9928374844 WSOITR VO25001512903"
"20251224";"GroenLinks Contributies";"";"NL05TRIO0019804615";"";"Af";"25";"";"GroenLinks Lidmaatschap (01-dec-2025 tot 01-jan-2026)"
"20251224";"ODIDO NETHERLANDS B.V.";"";"NL95COBA0019997218";"";"Af";"46,44";"";"Odido Internet + TV MFT42362 Factuur TMT1058156561"
"20251225";"Kosten gebruik betaalrekening ";"";"";"";"Af";"3,65";"";""
"20251225";"bol.com";"";"NL27INGB0001392934";"";"Af";"14,95";"";"X9928374845 X9928374846 bol.com A000D9UR7L"
"20251226";"Uitgekookt.nl via Stichting Mollie Payments";"";"NL51DEUT0016877995";"";"Af";"35";"";"X9928374847 X9928374848 Uitgekookt.nl maaltijdservice beste Uitgekookt.nl"
"20251228";"Jumbo Deventer >DEVENTER 28.12";"";"";"";"Af";"43,12";"";""
"20251229";"GBLT";"";"NL82DEUT0019804615";"";"Af";"32,37";"";"GBLT incasso maandelijkse termijn Termijn 5 van 10 Vervaldatum 29 dec 2025 Kenmerk X9928374849 Heffingjaar 2025"
"20251229";"Energiewacht B.V.";"";"NL44RABO0019804615";"";"Af";"8,98";"";"Factuur VF10-252455524"
"20251229";"VITENS NV";"";"NL94INGB0000869000";"";"Af";"8";"";"Factuurnr X9928374850,Johan Termijnfactuur DEC"
"20251229";"Reg.BelastingSamenwerking";"";"NL47BNGH0019804615";"";"Af";"74,75";"";"Aanslag: 202500003002000 , Gecomb.bel.jaren 2024/2025 , Vervaldatum termijn: 31.12.2025"
"20251229";"FIETSERSBOND";"";"NL59INGB0001451048";"";"Af";"5";"";"Contributie december 2025"
"20251230";"ASR HYPOTHEEK";"";"NL91ABNA0019804615";"";"Af";"894,95";"";"Termijnbetaling hypotheek. Kijk voor uw actuele saldo op  https //mijn"
"20251231";"Brand New Day";"";"NL70BNDA0013929458";"";"Bij";"276,98";"";"Netto uitkering december 2025 NL70BNDA0013929458"